,picture_link,scraped_text,cleaned_text,username,post_date,location,tags,hastags,emojis
0,https://scontent-cdt1-1.cdninstagram.com/v/t51.2885-15/e35/209328058_319177256539417_7505784730174857268_n.jpg?tp=1&_nc_ht=scontent-cdt1-1.cdninstagram.com&_nc_cat=101&_nc_ohc=a-RVtbAkRdEAX_X0r-K&edm=ABZsPhsBAAAA&ccb=7-4&oh=68fbb87de10fd0dd8f0fb793e4b1722b&oe=60EDFB27&_nc_sid=4efc9f&ig_cache_key=MjYxMzIyNjAwNjI0NjE2MjI1NA%3D%3D.2-ccb7-4,,,,,,,,
1,https://scontent-cdt1-1.cdninstagram.com/v/t51.2885-15/e35/209328058_319177256539417_7505784730174857268_n.jpg?tp=1&_nc_ht=scontent-cdt1-1.cdninstagram.com&_nc_cat=101&_nc_ohc=a-RVtbAkRdEAX_X0r-K&edm=ABZsPhsBAAAA&ccb=7-4&oh=68fbb87de10fd0dd8f0fb793e4b1722b&oe=60EDFB27&_nc_sid=4efc9f&ig_cache_key=MjYxMzIyNjAwNjI0NjE2MjI1NA%3D%3D.2-ccb7-4,"Photo by Akiko on July 08, 2021. May be an image of strawberry and indoor.",Photo by Akiko on July 08 2021 May be an image of strawberry and indoor ,"Akiko on July 08, 2021. May be an image of strawberry and",,,,,
2,https://scontent-cdg2-1.cdninstagram.com/v/t51.2885-15/e35/211811617_213152377352959_6330513304317067648_n.jpg?tp=1&_nc_ht=scontent-cdg2-1.cdninstagram.com&_nc_cat=107&_nc_ohc=uVCgXkToKCAAX-IoVVs&tn=polurD06mMXAbDwf&edm=ABZsPhsBAAAA&ccb=7-4&oh=28f40d232cb1a9b057728d80f229c7a5&oe=60ED7B0D&_nc_sid=4efc9f&ig_cache_key=MjYxMzM1MjY1NjYwMzU0MDI2NA%3D%3D.2-ccb7-4,"Photo shared by Brian K on July 08, 2021 tagging @3piecesuitguy, and @suittielinksbracesman. May be an image of 1 person.",Photo shared by Brian K on July 08 2021 tagging and May be an image of 1 person ,Brian K,2021-07-08,,"@3piecesuitguy,, @suittielinksbracesman.",,
3,https://scontent-cdg2-1.cdninstagram.com/v/t51.2885-15/e35/212100835_338203391316739_835399560029619703_n.jpg?tp=1&_nc_ht=scontent-cdg2-1.cdninstagram.com&_nc_cat=107&_nc_ohc=gRLYn1cySMkAX8lshOU&edm=ABZsPhsBAAAA&ccb=7-4&oh=d34a6c9620a681d2c2775d0a2bcffebf&oe=60ED7278&_nc_sid=4efc9f&ig_cache_key=MjYxMzI1NDAxMjY3NzkxMDMxMw%3D%3D.2-ccb7-4,"Photo by @gold.keyss in Istanbul, Turkey. May be an image of 1 person, long hair, standing and sunglasses.",Photo by in Istanbul Turkey May be an image of 1 person long hair standing and sunglasses ,@gold.keyss,2021-05-08,Turkey,@gold.keyss,,
4,https://scontent-cdt1-1.cdninstagram.com/v/t51.2885-15/e35/212666586_1790337804508653_7892050367758410828_n.jpg?tp=1&_nc_ht=scontent-cdt1-1.cdninstagram.com&_nc_cat=109&_nc_ohc=i7Jd8RR94f8AX8kKOjj&edm=ABZsPhsBAAAA&ccb=7-4&oh=e580cb0676c499c456886e73b84a0c34&oe=60EEB69E&_nc_sid=4efc9f&ig_cache_key=MjYxMzI4NzQ2NjcwMTE0MDU5NQ%3D%3D.2-ccb7-4,,,,,,,,
5,https://scontent-cdt1-1.cdninstagram.com/v/t51.2885-15/e35/212462840_824819388408394_7652393186568390325_n.jpg?tp=1&_nc_ht=scontent-cdt1-1.cdninstagram.com&_nc_cat=110&_nc_ohc=27e6b3QOkYkAX-eO3E4&edm=ABZsPhsBAAAA&ccb=7-4&oh=bf32d22344418d835fa507a4fb69515a&oe=60ED7640&_nc_sid=4efc9f&ig_cache_key=MjYxMzM0OTIxMDIyNTM0Mzk4NA%3D%3D.2-ccb7-4,"Photo shared by l.a.Eyeworks on July 08, 2021 tagging @lyf_magazine_official. May be a black-and-white image of one or more people.",Photo shared by l a Eyeworks on July 08 2021 tagging magazine official May be a black and white image of one or more people ,l.a.Eyeworks,2021-07-08,,@lyf,,
6,https://scontent-cdg2-1.cdninstagram.com/v/t51.2885-15/e35/211380274_492516958486308_4703689149878497625_n.jpg?tp=1&_nc_ht=scontent-cdg2-1.cdninstagram.com&_nc_cat=100&_nc_ohc=C7LzVTeK1EIAX_LgoP3&edm=ABZsPhsBAAAA&ccb=7-4&oh=a3731d45849691aaa86c6de6cc29d20f&oe=60EEF350&_nc_sid=4efc9f&ig_cache_key=MjYxMzMxOTYxMjkxOTkwODA2MQ%3D%3D.2-ccb7-4,"Photo by Pooja Lodhia in Houston, Texas. May be an image of 1 person and text that says 'abc13 HAPPY BIRTHDAY JESSICA WILLEY'.",Photo by Pooja Lodhia in Houston Texas May be an image of 1 person and text that says abc13 HAPPY BIRTHDAY JESSICA WILLEY ,Pooja Lodhia,2021-05-08,Texas,,,
7,https://scontent-cdg2-1.cdninstagram.com/v/t51.2885-15/e35/210674760_162127449314372_7425710111060220677_n.jpg?tp=1&_nc_ht=scontent-cdg2-1.cdninstagram.com&_nc_cat=108&_nc_ohc=Fkhuz9hmGiQAX_-KA74&edm=ABZsPhsBAAAA&ccb=7-4&oh=6815f0167b952191161ba71fa63602d9&oe=60EE216C&_nc_sid=4efc9f&ig_cache_key=MjYxMzMzMjc1OTQxOTkzOTM1OA%3D%3D.2-ccb7-4,"Photo by farshid cake.sna in €åÿ≤ÿØ/yazd with @cake_ahvan_shakeri_, @only.cake.2021, @mina.kiaaaa, @mitra.khaksar.academy, @farzin.sna_cake, @faryad.____, @bahare_marjani.cake, @cake_h.reza.nazari, and @mamalija3. May be an image of text.",Photo by farshid cake sna in yazd with ahvan shakeri cake marjani cake h reza nazari and May be an image of text ,farshid cake.sna,2021-05-03,@mina.kiaaaa,"@cake, @only.cake.2021,, @mina.kiaaaa,, @mitra.khaksar.academy,, @farzin.sna, @faryad., @bahare, @cake, @mamalija3.",,
8,https://scontent-cdt1-1.cdninstagram.com/v/t51.2885-15/e35/212098066_330590715314933_6798811785448908968_n.jpg?tp=1&_nc_ht=scontent-cdt1-1.cdninstagram.com&_nc_cat=105&_nc_ohc=Ebpkc_IJbY0AX8uDIV0&edm=ABZsPhsBAAAA&ccb=7-4&oh=c7bbcd54b126f056065564bd6d2814b9&oe=60ED4CFA&_nc_sid=4efc9f&ig_cache_key=MjYxMzMwMDkzMDkyNzY5Mjg4Mg%3D%3D.2-ccb7-4,"Photo by Kresta Horn on July 08, 2021. May be an image of 2 people, child, people standing and outdoors.",Photo by Kresta Horn on July 08 2021 May be an image of 2 people child people standing and outdoors ,Kresta Horn,2021-07-02,,,,
9,https://scontent-cdt1-1.cdninstagram.com/v/t51.2885-15/e35/211822386_336915074723439_1710281836258432239_n.jpg?tp=1&_nc_ht=scontent-cdt1-1.cdninstagram.com&_nc_cat=103&_nc_ohc=hpr5cI80_RYAX9y6CST&tn=polurD06mMXAbDwf&edm=ABZsPhsBAAAA&ccb=7-4&oh=a5f84813b8ac202d6b101023b747cb1f&oe=60EE0818&_nc_sid=4efc9f&ig_cache_key=MjYxMzI1OTYxODk1MTk0MzM0Ng%3D%3D.2-ccb7-4,"Photo by Ankara Mella Butik Pasta :) in Ankara, Turkey. May be a cartoon of cake.",Photo by Ankara Mella Butik Pasta in Ankara Turkey May be a cartoon of cake ,Ankara Mella Butik Pasta :),2021-05-08,Turkey,,,
10,https://scontent-cdt1-1.cdninstagram.com/v/t51.2885-15/e35/211348722_605492107085149_5069607641566083154_n.jpg?_nc_ht=scontent-cdt1-1.cdninstagram.com&_nc_cat=101&_nc_ohc=5_0QdxTUhQoAX-nOxuT&edm=ABZsPhsBAAAA&ccb=7-4&oh=bfb845daaca93712754c36dc8914c7ae&oe=60ED4ECA&_nc_sid=4efc9f&ig_cache_key=MjYxMzQxNjAzNjc5Njc5MzkzNg%3D%3D.2-ccb7-4,,,,,,,,
11,https://scontent-cdt1-1.cdninstagram.com/v/t51.2885-15/e35/212078775_347004043495918_6412146703140053321_n.jpg?tp=1&_nc_ht=scontent-cdt1-1.cdninstagram.com&_nc_cat=110&_nc_ohc=6vmXjy95DAYAX9JvDU9&edm=ABZsPhsBAAAA&ccb=7-4&oh=ad38d08bf0d2784bece8791e463dcc9c&oe=60ED57B8&_nc_sid=4efc9f&ig_cache_key=MjYxMzQxNjAyODIzMTQ0ODkyNQ%3D%3D.2-ccb7-4,"Photo by @karissaskreations_ in Turlock, California.",Photo by in Turlock California ,@karissaskreations_,,California,@karissaskreations,,
12,https://scontent-cdt1-1.cdninstagram.com/v/t51.2885-15/e35/210882252_356262055846134_3419051034425161245_n.jpg?tp=1&_nc_ht=scontent-cdt1-1.cdninstagram.com&_nc_cat=106&_nc_ohc=Qp9qdge5sMIAX8sjvCE&edm=ABZsPhsBAAAA&ccb=7-4&oh=f834abe04d4ed697a9a39e7733e0f5aa&oe=60EDB9F9&_nc_sid=4efc9f&ig_cache_key=MjYxMzQxNjAyMzc4NTE4NTAwMw%3D%3D.2-ccb7-4,"Photo by Taylor Gomez in San Antonio, Texas. May be an image of 2 people.",Photo by Taylor Gomez in San Antonio Texas May be an image of 2 people ,Taylor Gomez,2021-05-08,Texas,,,
13,https://scontent-cdg2-1.cdninstagram.com/v/t51.2885-15/e35/c0.6.720.720a/210279727_986257412190820_2475182975241811109_n.jpg?tp=1&_nc_ht=scontent-cdg2-1.cdninstagram.com&_nc_cat=104&_nc_ohc=GVD7kCPi6TQAX_I7WI6&tn=polurD06mMXAbDwf&edm=ABZsPhsBAAAA&ccb=7-4&oh=e0bfe91d491ea20c437630c49c865226&oe=60EDCC85&_nc_sid=4efc9f&ig_cache_key=MjYxMzQxNTk3NDQwNDM4NzM4OQ%3D%3D.2-ccb7-4,"Photo by Trendy collections on July 08, 2021.",Photo by Trendy collections on July 08 2021 ,Trendy collections,2021-07-08,,,,
14,https://scontent-cdg2-1.cdninstagram.com/v/t51.2885-15/e35/212538737_970239047076060_6253830957704928718_n.jpg?_nc_ht=scontent-cdg2-1.cdninstagram.com&_nc_cat=100&_nc_ohc=DZLCiwTBxjoAX--YJoN&tn=polurD06mMXAbDwf&edm=ABZsPhsBAAAA&ccb=7-4&oh=ca2b6051a811cb959921d5e490a2f889&oe=60ED5EA1&_nc_sid=4efc9f&ig_cache_key=MjYxMzQxNTk2NDIyODc4NDg0NQ%3D%3D.2-ccb7-4,,,,,,,,
15,https://scontent-cdt1-1.cdninstagram.com/v/t51.2885-15/e35/c0.4.320.320a/211474786_286576093221526_6749474669440513916_n.jpg?tp=1&_nc_ht=scontent-cdt1-1.cdninstagram.com&_nc_cat=110&_nc_ohc=0v5ObLY1yMEAX-W-Ykf&tn=polurD06mMXAbDwf&edm=ABZsPhsBAAAA&ccb=7-4&oh=e416f818a7de1c568b1dc929871411ef&oe=60EE1134&_nc_sid=4efc9f&ig_cache_key=MjYxMzQxNTk1MjIyNDQyOTY1OQ%3D%3D.2-ccb7-4,,,,,,,,
16,https://scontent-cdg2-1.cdninstagram.com/v/t51.2885-15/e35/c0.71.960.960a/212656047_1174029249782208_1682021168865330610_n.jpg?tp=1&_nc_ht=scontent-cdg2-1.cdninstagram.com&_nc_cat=100&_nc_ohc=VMKolReGJyMAX-_7mYK&edm=ABZsPhsBAAAA&ccb=7-4&oh=4c5ee18fc8c3d30998cc87dcf2558547&oe=60ED45D1&_nc_sid=4efc9f&ig_cache_key=MjYxMzQxNTk1NDQ4OTc4NjA3NQ%3D%3D.2-ccb7-4,"Photo by Cakes by Shilpa Vijay K in JP Nagar, Bangalore South. May be an image of cake.",Photo by Cakes by Shilpa Vijay K in JP Nagar Bangalore South May be an image of cake ,Cakes by Shilpa Vijay K,2021-05-08,Cakes,,,
17,https://scontent-cdg2-1.cdninstagram.com/v/t51.2885-15/e35/211554740_1108903926305975_5918167986290013398_n.jpg?tp=1&_nc_ht=scontent-cdg2-1.cdninstagram.com&_nc_cat=111&_nc_ohc=eLbFC-3rggAAX__6A8Z&tn=polurD06mMXAbDwf&edm=ABZsPhsBAAAA&ccb=7-4&oh=05f42d1e0478072bf1692773fe3c57e0&oe=60EEB3B9&_nc_sid=4efc9f&ig_cache_key=MjYxMzQxNTkxODgwMTUyMTE1MA%3D%3D.2-ccb7-4,,,,,,,,
18,https://scontent-cdg2-1.cdninstagram.com/v/t51.2885-15/e35/210892867_213797777282884_4494311864861433547_n.jpg?tp=1&_nc_ht=scontent-cdg2-1.cdninstagram.com&_nc_cat=104&_nc_ohc=vFKfAZdpQ_0AX8BBR_U&edm=ABZsPhsBAAAA&ccb=7-4&oh=7d64e4f59f7f0247f8b7a2510839a274&oe=60ED6FED&_nc_sid=4efc9f&ig_cache_key=MjYxMzQxNTU5MjkzODExMjA3NA%3D%3D.2-ccb7-4,,,,,,,,
19,https://scontent-cdt1-1.cdninstagram.com/v/t51.2885-15/e35/212060402_195051102565803_4393601611389678685_n.jpg?tp=1&_nc_ht=scontent-cdt1-1.cdninstagram.com&_nc_cat=103&_nc_ohc=TB9JqBksVUIAX_4OTv1&edm=ABZsPhsBAAAA&ccb=7-4&oh=ee036508d9fd21bf87304155ddaa2909&oe=60EDE691&_nc_sid=4efc9f&ig_cache_key=MjYxMzQxNTkwMDE0NzM3NTExMw%3D%3D.2-ccb7-4,"Photo shared by SHAIKH KAMIL on July 08, 2021 tagging @1chimkande_26, and @shaikh_kamil_59. May be an image of 1 person.",Photo shared by SHAIKH KAMIL on July 08 2021 tagging 26 and kamil 59 May be an image of 1 person ,SHAIKH KAMIL,2021-07-08,,"@1chimkande, @shaikh",,
20,https://scontent-cdg2-1.cdninstagram.com/v/t51.2885-15/e35/210882434_171937368287972_8708861986525065996_n.jpg?tp=1&_nc_ht=scontent-cdg2-1.cdninstagram.com&_nc_cat=108&_nc_ohc=QZJR81TV4AIAX9rOUc3&edm=ABZsPhsBAAAA&ccb=7-4&oh=92d105cb2931c741bb6c3a2b3a7fd14e&oe=60EDB06A&_nc_sid=4efc9f&ig_cache_key=MjYxMzQxNTg2NjUwOTkyNDM0NA%3D%3D.2-ccb7-4,,,,,,,,
21,https://scontent-cdg2-1.cdninstagram.com/v/t51.2885-15/e35/211502759_555737955420619_2189958573233530130_n.jpg?_nc_ht=scontent-cdg2-1.cdninstagram.com&_nc_cat=107&_nc_ohc=bqN3oyketLsAX_IG3fi&edm=ABZsPhsBAAAA&ccb=7-4&oh=489b9a523fe94f415632b59855e3b178&oe=60EDF1F2&_nc_sid=4efc9f&ig_cache_key=MjYxMzQxNTg1NzE5NTY5NTAyNg%3D%3D.2-ccb7-4,"Photo by ‚ôïÔ∏éùíüùíæùí∑ùìé‚Ñ¥ùíπùìáùíæùìâùí∂'ùìà ùìíùìªùìÆùì™ùìΩùì≤ùì∏ùì∑ ìÖì in ùêáùêöùê©ùê©ùê≤ ùêÅùê¢ùê´ùê≠ùê°ùêùùêöùê≤ - ‡¶∂‡ßÅ‡¶≠ ‡¶ú‡¶®‡ßç‡¶Æ‡¶¶‡¶ø‡¶® ëÅçÔ∏é with @iamdebadritabasu, and @canvas_of_dibyodrita_. May be a closeup of 2 people and text.",Photo by in with and of dibyodrita May be a closeup of 2 people and text ,‚ôïÔ∏éùíüùíæùí∑ùìé‚Ñ¥ùíπùìáùíæùìâùí∂'ùìà ùìíùìªùìÆùì™ùìΩùì≤ùì∏ùì∑ ìÖì,2021-05-08,,"@iamdebadritabasu,, @canvas",,
22,https://scontent-cdg2-1.cdninstagram.com/v/t51.2885-15/e35/212670984_310237690703444_8189848050022200951_n.jpg?tp=1&_nc_ht=scontent-cdg2-1.cdninstagram.com&_nc_cat=108&_nc_ohc=YD9O8kTU1AQAX_41X2m&edm=ABZsPhsBAAAA&ccb=7-4&oh=05eb23f9e8f3b1d8fd892a182a53c73e&oe=60ED639D&_nc_sid=4efc9f&ig_cache_key=MjYxMzQxNTA1MTExMTQ1OTc4Mw%3D%3D.2-ccb7-4,,,,,,,,
23,https://scontent-cdg2-1.cdninstagram.com/v/t51.2885-15/e35/c0.90.720.720a/213266036_254710439326727_396400984291850260_n.jpg?_nc_ht=scontent-cdg2-1.cdninstagram.com&_nc_cat=111&_nc_ohc=Ou05CzPgSLgAX_bKP0D&edm=ABZsPhsBAAAA&ccb=7-4&oh=b5c5dd3aca2607571be25002a531c520&oe=60EEAA03&_nc_sid=4efc9f&ig_cache_key=MjYxMzQxMjU0MzU5NTI4NzI2Ng%3D%3D.2-ccb7-4,,,,,,,,
24,https://scontent-cdt1-1.cdninstagram.com/v/t51.2885-15/e35/212050925_511730153480842_339725545529392948_n.jpg?tp=1&_nc_ht=scontent-cdt1-1.cdninstagram.com&_nc_cat=110&_nc_ohc=rSbrg6yFV1oAX8kszj5&edm=ABZsPhsBAAAA&ccb=7-4&oh=eb885b3883244daeac4bd0cb57021c9e&oe=60ED244F&_nc_sid=4efc9f&ig_cache_key=MjYxMzQxNTgyNDU5MTkzNDE4OQ%3D%3D.2-ccb7-4,"Photo shared by Zeeshan Khan on July 08, 2021 tagging @mr_extinct_hashtag_1, @_imsuk_, @mddayan58, @toukheer_pasha, @_heart_____hacker___________, @frndz_call_me_saq, @bad_captain_rdx, @frndz_call_me_junu, @frndz_call_meh_prince, @frndz_call_me_syco, @syco_pvt, @frndz_call_me_smarty, @frndz_call_me_syck, @yoursattitude, @frndz_call_me_ayan, @frnds_call_me_arsu, @call_me_afshan_shariff, @frndz_call_me_shoaib, @frndz_call_me_tanu.104, and @frndz_call_me_sameeru. May be an image of 2 people, motorcycle and sky.",Photo shared by Zeeshan Khan on July 08 2021 tagging extinct hashtag 1 imsuk pasha heart hacker call me saq captain rdx call me junu call meh prince call me syco pvt call me smarty call me syck call me ayan call me arsu me afshan shariff call me shoaib call me tanu 104 and call me sameeru May be an image of 2 people motorcycle and sky ,Zeeshan Khan,2021-07-08,,"@mr, @, @mddayan58,, @toukheer, @, @frndz, @bad, @frndz, @frndz, @frndz, @syco, @frndz, @frndz, @yoursattitude,, @frndz, @frnds, @call, @frndz, @frndz, @frndz",,
25,https://scontent-cdt1-1.cdninstagram.com/v/t51.2885-15/e35/c0.92.784.784a/211830321_406704343993470_564717891419942061_n.jpg?tp=1&_nc_ht=scontent-cdt1-1.cdninstagram.com&_nc_cat=106&_nc_ohc=OvTK-DJANWoAX_fsc9Y&edm=ABZsPhsBAAAA&ccb=7-4&oh=3c3cb9b08095781b0fab850fb9343e1d&oe=60EE5D8E&_nc_sid=4efc9f&ig_cache_key=MjYxMzQxNTc3MDM0MjY5MzkzOA%3D%3D.2-ccb7-4,"Photo by Melany Sanchez in Medell√≠n, Colombia. May be an image of 1 person and indoor.",Photo by Melany Sanchez in Medell n Colombia May be an image of 1 person and indoor ,Melany Sanchez,2021-05-08,Colombia,,,
26,https://scontent-cdg2-1.cdninstagram.com/v/t51.2885-15/e35/211534100_342738530595575_8051156508416783561_n.jpg?tp=1&_nc_ht=scontent-cdg2-1.cdninstagram.com&_nc_cat=111&_nc_ohc=spfoYvZDTJsAX92kCxi&edm=ABZsPhsBAAAA&ccb=7-4&oh=90ff3e7ce94f57e6034a927e2473fe46&oe=60ED8D45&_nc_sid=4efc9f&ig_cache_key=MjYxMzQxNTc1Njc5MzQzMjY4NQ%3D%3D.2-ccb7-4,,,,,,,,
27,https://scontent-cdg2-1.cdninstagram.com/v/t51.2885-15/e35/211330439_145931940960950_3140908494619636462_n.jpg?_nc_ht=scontent-cdg2-1.cdninstagram.com&_nc_cat=102&_nc_ohc=Ln754QCplvgAX8NmXvt&edm=ABZsPhsBAAAA&ccb=7-4&oh=1391935763744c9ce6a773560445ad98&oe=60ED8A0F&_nc_sid=4efc9f&ig_cache_key=MjYxMzQxNTczMDkyMjkzMjcxNw%3D%3D.2-ccb7-4,Photo by Maik Dehnelt in Alexanderplatz Berlin. May be an image of 1 person and monument.,Photo by Maik Dehnelt in Alexanderplatz Berlin May be an image of 1 person and monument ,Maik Dehnelt,2021-05-08,Alexanderplatz Berlin,,,
28,https://scontent-cdt1-1.cdninstagram.com/v/t51.2885-15/e35/212076940_609544219993563_256426812291512905_n.jpg?tp=1&_nc_ht=scontent-cdt1-1.cdninstagram.com&_nc_cat=103&_nc_ohc=zBzbUYX8uDgAX_o9SH0&tn=polurD06mMXAbDwf&edm=ABZsPhsBAAAA&ccb=7-4&oh=04756fe76ecfa8bb3b6f7e46e4932701&oe=60EEFC36&_nc_sid=4efc9f&ig_cache_key=MjYxMzQxNTcxMzI1NjY0NTEwMw%3D%3D.2-ccb7-4,,,,,,,,
29,https://scontent-cdg2-1.cdninstagram.com/v/t51.2885-15/e35/213329592_2637466773226596_6116693006650378645_n.jpg?tp=1&_nc_ht=scontent-cdg2-1.cdninstagram.com&_nc_cat=100&_nc_ohc=9SYPW0h2DlYAX8drlCw&edm=ABZsPhsBAAAA&ccb=7-4&oh=405059a572c7c806dda831e6ea2e5d3d&oe=60EEF981&_nc_sid=4efc9f&ig_cache_key=MjYxMzQxNTcxMTI1Mzg3MjA5NQ%3D%3D.2-ccb7-4,,,,,,,,
30,https://scontent-cdg2-1.cdninstagram.com/v/t51.2885-15/e35/211493864_216958223632544_529967452547644901_n.jpg?tp=1&_nc_ht=scontent-cdg2-1.cdninstagram.com&_nc_cat=108&_nc_ohc=0-IEb-dLuBIAX803cHm&edm=ABZsPhsBAAAA&ccb=7-4&oh=afd26a443669be7aa4f27cffe98d924b&oe=60ED5B15&_nc_sid=4efc9f&ig_cache_key=MjYxMzQxNTY3OTM1NzgxNTA1MQ%3D%3D.2-ccb7-4,Photo by Dotscakes in Dot's Cakes. May be an image of cake and text.,Photo by Dotscakes in Dot s Cakes May be an image of cake and text ,Dotscakes,2021-05-08,,,,
31,https://scontent-cdt1-1.cdninstagram.com/v/t51.2885-15/e35/211500676_525637405446567_8069556970592664948_n.jpg?tp=1&_nc_ht=scontent-cdt1-1.cdninstagram.com&_nc_cat=103&_nc_ohc=gWqqIuf9F2YAX_6GMtu&edm=ABZsPhsBAAAA&ccb=7-4&oh=9a5c066bce6ee46af3e2090559de0763&oe=60EE9EED&_nc_sid=4efc9f&ig_cache_key=MjYxMzQxNTY2NzI4ODk0ODg5Nw%3D%3D.2-ccb7-4,,,,,,,,
32,https://scontent-cdt1-1.cdninstagram.com/v/t51.2885-15/e35/c0.80.640.640a/211182892_985987258843506_5948605475667877830_n.jpg?tp=1&_nc_ht=scontent-cdt1-1.cdninstagram.com&_nc_cat=106&_nc_ohc=POQpZlZsWLYAX_s6bAB&edm=ABZsPhsBAAAA&ccb=7-4&oh=742b36e4de1bc9fc31f3c22377659c65&oe=60ED23CD&_nc_sid=4efc9f&ig_cache_key=MjYxMzQxNTY0NDQ3OTM2Mzk1Nw%3D%3D.2-ccb7-4,"Photo shared by Lexy on July 08, 2021 tagging @lexychaplin. May be an image of 1 person.",Photo shared by Lexy on July 08 2021 tagging May be an image of 1 person ,Lexy,2021-07-08,,@lexychaplin.,,
33,https://scontent-cdg2-1.cdninstagram.com/v/t51.2885-15/e35/212118104_985776215560132_7388654600256625875_n.jpg?tp=1&_nc_ht=scontent-cdg2-1.cdninstagram.com&_nc_cat=104&_nc_ohc=2e90EKUxzakAX-zKZ7r&edm=ABZsPhsBAAAA&ccb=7-4&oh=d3735057601d427c71e8bac6a94261db&oe=60EEE8BE&_nc_sid=4efc9f&ig_cache_key=MjYxMzQxNTYwNzEzNDIzNTkzNg%3D%3D.2-ccb7-4,Photo by Suncart All Bakery Tools in SunCart Pvt Ltd.,Photo by Suncart All Bakery Tools in SunCart Pvt Ltd ,Suncart All Bakery Tools,2021-07-11,,,,
34,https://scontent-cdt1-1.cdninstagram.com/v/t51.2885-15/e35/c0.80.720.720a/211591560_407457940543798_7697477204353121150_n.jpg?tp=1&_nc_ht=scontent-cdt1-1.cdninstagram.com&_nc_cat=110&_nc_ohc=QRfWUAZRbvsAX_6jehY&edm=ABZsPhsBAAAA&ccb=7-4&oh=99950a165885ee46d75b4c6a0663c4b7&oe=60EE462A&_nc_sid=4efc9f&ig_cache_key=MjYxMzQxNTYwNDA0NDkxMTAyNA%3D%3D.2-ccb7-4,"Photo by srisai jewellerycollection on July 08, 2021. May be an image of jewelry and text that says 'SJ62 cz matte finish Premium quality Necklace'.",Photo by srisai jewellerycollection on July 08 2021 May be an image of jewelry and text that says SJ62 cz matte finish Premium quality Necklace ,srisai jewellerycollection,,,,,
35,https://scontent-cdt1-1.cdninstagram.com/v/t51.2885-15/e35/211488718_523066682479049_4611881720315698863_n.jpg?tp=1&_nc_ht=scontent-cdt1-1.cdninstagram.com&_nc_cat=105&_nc_ohc=solyyeFR9oAAX-UfbPS&edm=ABZsPhsBAAAA&ccb=7-4&oh=caed9412266f000a0ae694b8128e900b&oe=60ED66F0&_nc_sid=4efc9f&ig_cache_key=MjYxMzQxNTQ5Njk1ODUzNzYwNw%3D%3D.2-ccb7-4,,,,,,,,
36,https://scontent-cdg2-1.cdninstagram.com/v/t51.2885-15/e35/211472537_303835271481254_7124219379053386129_n.jpg?tp=1&_nc_ht=scontent-cdg2-1.cdninstagram.com&_nc_cat=102&_nc_ohc=9s2sAv7cuIgAX-oOBRU&edm=ABZsPhsBAAAA&ccb=7-4&oh=e6e58839a6bcb67c4abeb28f36b908e0&oe=60EE0D03&_nc_sid=4efc9f&ig_cache_key=MjYxMzQxMzM1NTk1ODI3ODQ1OQ%3D%3D.2-ccb7-4,,,,,,,,
37,https://scontent-cdg2-1.cdninstagram.com/v/t51.2885-15/e35/c0.26.804.804a/213260460_234921888532838_6159553321247026054_n.jpg?tp=1&_nc_ht=scontent-cdg2-1.cdninstagram.com&_nc_cat=102&_nc_ohc=orq3rh3SBRwAX-uSisf&edm=ABZsPhsBAAAA&ccb=7-4&oh=80b66ee503b3f4858cbde809301e096b&oe=60EEBE98&_nc_sid=4efc9f&ig_cache_key=MjYxMzQxMDM1NjI1OTg1Njc3NA%3D%3D.2-ccb7-4,,,,,,,,
38,https://scontent-cdt1-1.cdninstagram.com/v/t51.2885-15/e35/211182892_512187643423709_8971090709185929708_n.jpg?tp=1&_nc_ht=scontent-cdt1-1.cdninstagram.com&_nc_cat=105&_nc_ohc=drl0wzejb3EAX9k20Lh&edm=ABZsPhsBAAAA&ccb=7-4&oh=2f6e3f19f9a194ab9a0385708c0db79c&oe=60EEE206&_nc_sid=4efc9f&ig_cache_key=MjYxMzQxMDAxODQ4MTIxNjkzMQ%3D%3D.2-ccb7-4,,,,,,,,
39,https://scontent-cdg2-1.cdninstagram.com/v/t51.2885-15/e35/212499580_276766097576023_7412479742344124458_n.jpg?tp=1&_nc_ht=scontent-cdg2-1.cdninstagram.com&_nc_cat=107&_nc_ohc=ebUHoIwzkm0AX-BSEct&edm=ABZsPhsBAAAA&ccb=7-4&oh=026c5cf08c1b31bd9a41f83a9478fd9a&oe=60EDB912&_nc_sid=4efc9f&ig_cache_key=MjYxMjYzNjU4NTYyMjEyMTc0Mw%3D%3D.2-ccb7-4,,,,,,,,
40,https://www.instagram.com/static/images/web/mobile_nav_type_logo.png/735145cfe0a4.png,Instagram,Instagram,,,,,,
41,https://instagram.ftpe8-1.fna.fbcdn.net/v/t51.2885-19/44884218_345707102882519_2446069589734326272_n.jpg?_nc_ht=instagram.ftpe8-1.fna.fbcdn.net&_nc_ohc=QmmIEAAjQp0AX-cESyz&edm=ALCvFkgBAAAA&ccb=7-4&oh=e357cd3981eea67cff0fcc79f87a70b2&oe=60EE488F&_nc_sid=643ae9&ig_cache_key=YW5vbnltb3VzX3Byb2ZpbGVfcGlj.2-ccb7-4,Photo de profil de sinou_gr,Photo de profil de sinou gr,,,,,,
